システム,フォルダ,ファイル,拡張子
z:,Framework比較,FrameWork比較表_20100709_bk.xls,.xls
z:,Framework比較,FrameWork比較表_20100804.xls,.xls
z:,Framework比較,FrameWork比較表_20100809.xls,.xls
z:,Framework比較,FrameWork比較表_20100809_5.xls,.xls
z:,Framework比較,FrameWork比較表_20100809_6.xls,.xls
z:,Framework比較,FrameWork比較表_20100809_6_印刷.xls,.xls
z:,Framework比較,FrameWork比較表_20100809_7.xls,.xls
z:,Framework比較,FrameWork比較表_20100812.xls,.xls
z:,Framework比較,FrameWork比較表_20100818.xls,.xls
z:,intra-martマニュアル,JIS2004対応ガイド_iwp_iaf_jis2004_guide_v72.pdf,.pdf
z:,intra-martマニュアル,ServicePlatform設定ガイド_iwp_iaf_service_platform_config_guide_v72.pdf,.pdf
z:,intra-martマニュアル,UDDIサービス設定ガイド_im_uddi_server_config_guide_v72.pdf,.pdf
z:,intra-martマニュアル,WebPlatform設定ガイド_iwp_config_guide_v72.pdf,.pdf
z:,intra-martマニュアル,アクセスセキュリティ仕様書_im_security_spec_v72.pdf,.pdf
z:,intra-martマニュアル,アプリケーション共通マスタ インポート・エクスポート 仕様書_im_app_cmn_import_spec_v72.pdf,.pdf
z:,intra-martマニュアル,アプリケーション共通マスタ 仕様書_im_app_cmn_spec_v72.pdf,.pdf
z:,intra-martマニュアル,アプリケーション共通マスタAPIガイドライン_im_app_cmn_api_guidelines_v72.pdf,.pdf
z:,intra-martマニュアル,アプリケーション共通マスタ仕様書_im_app_cmn_spec_v72.pdf,.pdf
z:,intra-martマニュアル,アプリケーション共通マスタ検索画面 仕様書_im_app_cmn_search_spec_v72.pdf,.pdf
z:,intra-martマニュアル,イントロダクション_iwp_iaf_introduction_v72.pdf,.pdf
z:,intra-martマニュアル,エラーガイド_iwp_iaf_error_guide_v72.pdf,.pdf
z:,intra-martマニュアル,グループ管理者 操作ガイド_iwp_iaf_group_admin_operation_guide_v72.pdf,.pdf
z:,intra-martマニュアル,システム管理者 操作ガイド_iwp_iaf_system_admin_operation_guide_v72.pdf,.pdf
z:,intra-martマニュアル,スタートパックimisp71rn.pdf,.pdf
z:,intra-martマニュアル,セットアップ_iaf_setup_guide_v72.pdf,.pdf
z:,intra-martマニュアル,セットアップ_iwp_setup_guide_v72.pdf,.pdf
z:,intra-martマニュアル,セットアップガイドeBuilder_setup_guide_v72.pdf,.pdf
z:,intra-martマニュアル,チュートリアルガイドeBuilder_tutorial_guide_startup_v72.pdf,.pdf
z:,intra-martマニュアル,ユーザ 操作ガイド_iwp_iaf_user_operation_guide_v72.pdf,.pdf
z:,intra-martマニュアル,リリースノート_iwp_iaf_release_notes_v72.pdf,.pdf
z:,intra-martマニュアル,ログ設定ガイド_im_log_config_guide_v72.pdf,.pdf
z:,intra-martマニュアル,移行ガイド_iwp_iaf_migration_guide_v72.pdf,.pdf
intra-martマニュアル,VisualDesignerマニュアル,im_visual_designer_tables.xls,.xls
intra-martマニュアル,VisualDesignerマニュアル,インストールガイドinstall_guide_v71.pdf,.pdf
intra-martマニュアル,VisualDesignerマニュアル,チュートリアルガイドtutorial_guide_v71.pdf,.pdf
intra-martマニュアル,VisualDesignerマニュアル,プログラミングガイドprog_guide_v71.pdf,.pdf
intra-martマニュアル,VisualDesignerマニュアル,仕様書spec_guide_v71.pdf,.pdf
intra-martマニュアル,VisualDesignerマニュアル,操作ガイドoperation_guide_v71.pdf,.pdf
intra-martマニュアル_20120606,01_ドキュメント,iwp_iaf_introduction_v72（イントロダクション）.pdf,.pdf
intra-martマニュアル_20120606,01_ドキュメント,iwp_iaf_release_notes_v72（リリースノート）.pdf,.pdf
intra-martマニュアル_20120606,02_インストール,iaf_setup_guide_v72（AppFrameworkセットアップガイド）.pdf,.pdf
intra-martマニュアル_20120606,02_インストール,iwp_iaf_migration_guide_v72（WebPlatform_AppFramework移行ガイド）.pdf,.pdf
intra-martマニュアル_20120606,02_インストール,iwp_setup_guide_v72（WebPlatformセットアップガイド）.pdf,.pdf
intra-martマニュアル_20120606,02_インストール,sastruts_s2jdbc_setup_guide_v72（SAStruts+S2JDBC開発・運用環境セットアップガイド）.pdf,.pdf
intra-martマニュアル_20120606,03_設定関連,im_log_config_guide_v72（ログ設定ガイド）.pdf,.pdf
intra-martマニュアル_20120606,03_設定関連,im_log_update_master_data_message_list_v72（マスタデータ更新ログ　メッセージ一覧）.xls,.xls
intra-martマニュアル_20120606,03_設定関連,im_uddi_server_config_guide_v72（UDDIサーバ設定ガイド）.pdf,.pdf
intra-martマニュアル_20120606,03_設定関連,iwp_config_guide_v72（WebPlatform設定ガイド）.pdf,.pdf
intra-martマニュアル_20120606,03_設定関連,iwp_iaf_error_guide_v72（エラーガイド）.pdf,.pdf
intra-martマニュアル_20120606,03_設定関連,iwp_iaf_jis2004_guide_v72（JIS2004対応ガイド）.pdf,.pdf
intra-martマニュアル_20120606,03_設定関連,iwp_iaf_service_platform_config_guide_v72（Service Platform設定ガイド）.pdf,.pdf
intra-martマニュアル_20120606,04_操作マニュアル,bpw_smartphone_user_operation_guide_v72（ドキュメントワークフローforSmartphone操作ガイド）.pdf,.pdf
intra-martマニュアル_20120606,04_操作マニュアル,iwp_iaf_group_admin_operation_guide_v72（グループ管理者操作ガイド）.pdf,.pdf
intra-martマニュアル_20120606,04_操作マニュアル,iwp_iaf_system_admin_operation_guide_v72（システム管理者操作ガイド）.pdf,.pdf
intra-martマニュアル_20120606,04_操作マニュアル,iwp_iaf_user_operation_guide_v72（ユーザ操作ガイド）.pdf,.pdf
intra-martマニュアル_20120606,05_アクセスセキュリティ,im_security_spec_v72（アクセスセキュリティ仕様書）.pdf,.pdf
intra-martマニュアル_20120606,05_アクセスセキュリティ,im_security_tables_v72（アクセスセキュリティテーブル定義書）.xls,.xls
intra-martマニュアル_20120606,06_アプリケーション共通マスタ,im_app_cmn_api_guidelines_v72（アプリケーション共通マスタAPIガイドライン）.pdf,.pdf
intra-martマニュアル_20120606,06_アプリケーション共通マスタ,im_app_cmn_import_spec_v72（アプリケーション共通マスタインポート・エクスポート仕様書）.pdf,.pdf
intra-martマニュアル_20120606,06_アプリケーション共通マスタ,im_app_cmn_search_spec_v72（アプリケーション共通マスタ検索画面仕様書）.pdf,.pdf
intra-martマニュアル_20120606,06_アプリケーション共通マスタ,im_app_cmn_spec_v72（アプリケーション共通マスタ仕様書）.pdf,.pdf
intra-martマニュアル_20120606,06_アプリケーション共通マスタ,im_app_cmn_tables_v72（アプリケーション共通マスタテーブル定義書）.xls,.xls
intra-martマニュアル_20120606,07_ポータル,im_portal_config_guide_v72（ポータル設定ガイド）.pdf,.pdf
intra-martマニュアル_20120606,07_ポータル,im_portal_group_admin_operation_guide_v72（ポータル グループ管理者操作ガイド）.pdf,.pdf
intra-martマニュアル_20120606,07_ポータル,im_portal_portlet_prog_guide_v72（ポートレットプログラミングガイド）.pdf,.pdf
intra-martマニュアル_20120606,07_ポータル,im_portal_system_admin_operation_guide_v72（ポータル システム管理者操作ガイド）.pdf,.pdf
intra-martマニュアル_20120606,07_ポータル,im_portal_tables_v72（ポータルテーブル定義書）.xls,.xls
intra-martマニュアル_20120606,07_ポータル,im_portal_user_operation_guide_v72（ポータル ユーザ操作ガイド）.pdf,.pdf
intra-martマニュアル_20120606,07_ポータル,im_portal_wsrp_admin_operation_guide_v72（ポータルWSRP管理者操作ガイド）.pdf,.pdf
intra-martマニュアル_20120606,08_ViewCreator,im_view_creator_admin_operation_guide_v72（ViewCreator管理者操作ガイド）.pdf,.pdf
intra-martマニュアル_20120606,08_ViewCreator,im_view_creator_tables_v72（ViewCreatorテーブル定義書）.xls,.xls
intra-martマニュアル_20120606,08_ViewCreator,im_view_creator_user_operation_guide_v72（ViewCreatorユーザ操作ガイド）.pdf,.pdf
intra-martマニュアル_20120606,09_TableMaintenance,im_table_maintenance_admin_operation_guide_v72（TableMaintenance管理者操作ガイド）.pdf,.pdf
intra-martマニュアル_20120606,09_TableMaintenance,im_table_maintenance_user_operation_guide_v72（TableMaintenanceユーザ操作ガイド）.pdf,.pdf
intra-martマニュアル_20120606,10_イベントナビゲータ,im_event_navigator_admin_operation_guide_v72（イベントナビゲータ管理者操作ガイド）.pdf,.pdf
intra-martマニュアル_20120606,10_イベントナビゲータ,im_event_navigator_tables_v72（イベントナビゲータテーブル定義書）.xls,.xls
intra-martマニュアル_20120606,10_イベントナビゲータ,im_event_navigator_user_operation_guide_v72（イベントナビゲータユーザ操作ガイド）.pdf,.pdf
intra-martマニュアル_20120606,11_クライアント通知,im_client_notice_config_guide_v72（クライアント通知設定ガイド）.pdf,.pdf
intra-martマニュアル_20120606,12_開発関連,im_access_block_spec_v72（不正アクセス防止機能 仕様書）.pdf,.pdf
intra-martマニュアル_20120606,12_開発関連,im_chart_prog_guide_v72（グラフ描画モジュールプログラミングガイド）.pdf,.pdf
intra-martマニュアル_20120606,12_開発関連,im_design_css_spec_v72（画面デザインスタイルシート仕様書）.pdf,.pdf
intra-martマニュアル_20120606,12_開発関連,im_design_guidelines_v72（画面デザインガイドライン）.pdf,.pdf
intra-martマニュアル_20120606,12_開発関連,im_developers_guide_v72（デベロッパーズガイド）.pdf,.pdf
intra-martマニュアル_20120606,12_開発関連,im_javaee_framework_spec_v72（im-JavaEE Framework仕様書）.pdf,.pdf
intra-martマニュアル_20120606,12_開発関連,im_javaee_framework_tutorial_v72（im-JavaEE Frameworkチュートリアル）.pdf,.pdf
intra-martマニュアル_20120606,12_開発関連,im_maskat_prog_guide_v72（マスカット 連携 プログラミングガイド）.pdf,.pdf
intra-martマニュアル_20120606,12_開発関連,im_seasar2_prog_guide_v72（Seasar2 連携 プログラミングガイド）.pdf,.pdf
intra-martマニュアル_20120606,12_開発関連,im_struts_prog_guide_v72（Struts 連携 プログラミングガイド）.pdf,.pdf
intra-martマニュアル_20120606,12_開発関連,im_web_service_prog_guide_v72（Web サービス プログラミングガイド）.pdf,.pdf
intra-martマニュアル_20120606,12_開発関連,javaee_prog_guide_v72（JavaEE開発モデルプログラミングガイド）.pdf,.pdf
intra-martマニュアル_20120606,12_開発関連,sastruts_s2jdbc_prog_guide_v72（SAStruts+S2JDBC プログラミングガイド）.pdf,.pdf
intra-martマニュアル_20120606,12_開発関連,script_prog_guide_v72（スクリプト開発モデルプログラミングガイド）.pdf,.pdf
intra-martマニュアル_20120606,13_ワークフロー,im_bpw_tables_v72（ワークフローテーブル定義書）.xls,.xls
intra-martマニュアル_20120606,13_ワークフロー,im_workflow_operation_guide_v72（ワークフロー 操作ガイド）.pdf,.pdf
intra-martマニュアル_20120606,13_ワークフロー,im_workflow_prog_guide_v72（ワークフロープログラミングガイド）.pdf,.pdf
intra-martマニュアル_20120606,13_ワークフロー,im_workflow_spec_v72（ワークフロー仕様書）.pdf,.pdf
intra-martマニュアル_20120606,14_FormatCreator,im_fc_operation_guide_v72（FormatCreator 操作ガイド）.pdf,.pdf
intra-martマニュアル_20120606,14_FormatCreator,im_fc_prog_guide_v72（FormatCreator プログラミングガイド）.pdf,.pdf
intra-martマニュアル_20120606,15_im-BPM,bpm_designer_operation_guide_v72（BPM　Designer 操作ガイド）.pdf,.pdf
intra-martマニュアル_20120606,15_im-BPM,bpm_designer_setup_guide_v72（BPM　Designer セットアップガイド）.pdf,.pdf
intra-martマニュアル_20120606,15_im-BPM,bpm_introduction_v72（BPM イントロダクション）.pdf,.pdf
intra-martマニュアル_20120606,15_im-BPM,bpm_prog_guide_v72（BPM プログラミングガイド）.pdf,.pdf
intra-martマニュアル_20120606,15_im-BPM,bpm_server_config_guide_v72（BPM　Server 設定ガイド）.pdf,.pdf
intra-martマニュアル_20120606,15_im-BPM,bpm_server_setup_guide_v72（BPM　Server セットアップガイド）.pdf,.pdf
intra-martマニュアル_20120606,15_im-BPM,bpm_spec_v72（BPM 説明資料）.pdf,.pdf
intra-martマニュアル_20120606,15_im-BPM,bpm_user_operation_guide_v72（BPM ユーザ操作ガイド）.pdf,.pdf
intra-martマニュアル_20120606,16_IM-共通マスタ,im_master_backup_spec_v72（IM-共通マスタ 退避仕様書）.pdf,.pdf
intra-martマニュアル_20120606,16_IM-共通マスタ,im_master_extention_if_v72（IM-共通マスタ 拡張インタフェース定義一覧）.xls,.xls
intra-martマニュアル_20120606,16_IM-共通マスタ,im_master_import_spec_v72（IM-共通マスタ インポート・エクスポート仕様書）.pdf,.pdf
intra-martマニュアル_20120606,16_IM-共通マスタ,im_master_manager_willcall_listener_v72（IM-共通マスタ Listener定義一覧）.xls,.xls
intra-martマニュアル_20120606,16_IM-共通マスタ,im_master_operation_guide_v72（IM-共通マスタ 操作ガイド）.pdf,.pdf
intra-martマニュアル_20120606,16_IM-共通マスタ,im_master_prog_guide_v72（IM-共通マスタ 拡張プログラミングガイド）.pdf,.pdf
intra-martマニュアル_20120606,16_IM-共通マスタ,im_master_screen_io_definition_v72（IM-共通マスタ 入力項目定義書）.xls,.xls
intra-martマニュアル_20120606,16_IM-共通マスタ,im_master_search_spec_v72（IM-共通マスタ 検索画面仕様書）.pdf,.pdf
intra-martマニュアル_20120606,16_IM-共通マスタ,im_master_search_startup_criteria_v72（検索画面起動引数一覧）.xls,.xls
intra-martマニュアル_20120606,16_IM-共通マスタ,im_master_setup_and_migration_guide_v72（IM-共通マスタ セットアップガイド）.pdf,.pdf
intra-martマニュアル_20120606,16_IM-共通マスタ,im_master_sorting_criteria_v72（IM-共通マスタ ソート順定義書）.xls,.xls
intra-martマニュアル_20120606,16_IM-共通マスタ,im_master_spec_v72（IM-共通マスタ 仕様書）.pdf,.pdf
intra-martマニュアル_20120606,16_IM-共通マスタ,im_master_sync_db_mapping_v72（IM-共通マスタ 同期処理カラムマッピング）.xls,.xls
intra-martマニュアル_20120606,16_IM-共通マスタ,im_master_sync_spec_v72（IM-共通マスタ 同期仕様書）.pdf,.pdf
intra-martマニュアル_20120606,16_IM-共通マスタ,im_master_tables_v72（IM-共通マスタ テーブル定義書）.xls,.xls
intra-martマニュアル_20120606,17_IM-Workflow,im_workflow_admin_operation_guide_v72（IM-Workflow 管理者 操作ガイド）.pdf,.pdf
intra-martマニュアル_20120606,17_IM-Workflow,im_workflow_bpw_api_contrast_list_v72（IM-Workflow BPW API対比資料）.xls,.xls
intra-martマニュアル_20120606,17_IM-Workflow,im_workflow_bpw_archive_spec_v72（IM-Workflow ワークフローアーカイブ 仕様書）.pdf,.pdf
intra-martマニュアル_20120606,17_IM-Workflow,im_workflow_bpw_features_comparison_list_v72（IM-Workflow BPW 機能対比資料）.xls,.xls
intra-martマニュアル_20120606,17_IM-Workflow,im_workflow_crawler_spec_v72（IM-Workflow クローラ仕様書）.pdf,.pdf
intra-martマニュアル_20120606,17_IM-Workflow,im_workflow_er_logical_v72（IM-Workflow ER図[論理モデル]）.pdf,.pdf
intra-martマニュアル_20120606,17_IM-Workflow,im_workflow_er_physics_v72（IM-Workflow ER図[物理モデル]）.pdf,.pdf
intra-martマニュアル_20120606,17_IM-Workflow,im_workflow_prog_guide_v72（IM-Workflow プログラミングガイド）.pdf,.pdf
intra-martマニュアル_20120606,17_IM-Workflow,im_workflow_release_notes_v72（IM-Workflow リリースノート）.pdf,.pdf
intra-martマニュアル_20120606,17_IM-Workflow,im_workflow_replace_string_list_v72（IM-Workflow 仕様書 別紙）.xls,.xls
intra-martマニュアル_20120606,17_IM-Workflow,im_workflow_setup_guide_v72（IM-Workflow セットアップガイド）.pdf,.pdf
intra-martマニュアル_20120606,17_IM-Workflow,im_workflow_smartphone_user_operation_guide_v72（IM-Workflow for Smartphone 利用者 操作ガイド）.pdf,.pdf
intra-martマニュアル_20120606,17_IM-Workflow,im_workflow_spec_v72（IM-Workflow 仕様書）.pdf,.pdf
intra-martマニュアル_20120606,17_IM-Workflow,im_workflow_user_operation_guide_v72（IM-Workflow 利用者 操作ガイド）.pdf,.pdf
intra-martマニュアル_20120606,18_IM-Workflow ワークフロー統合一覧,im_workflow_bpw_er_logical_v72（IM-Workflow ワークフロー統合一覧 ER図[論理モデル]）.pdf,.pdf
intra-martマニュアル_20120606,18_IM-Workflow ワークフロー統合一覧,im_workflow_bpw_er_physics_v72（IM-Workflow ワークフロー統合一覧 ER図[物理モデル]）.pdf,.pdf
intra-martマニュアル_20120606,18_IM-Workflow ワークフロー統合一覧,im_workflow_bpw_operation_guide_v72（IM-Workflow ワークフロー統合一覧 利用者ガイド）.pdf,.pdf
intra-martマニュアル_20120606,18_IM-Workflow ワークフロー統合一覧,im_workflow_bpw_smartphone_operation_guide_v72（IM-Workflow ワークフロー統合一覧 for Smartphone 利用者ガイド）.pdf,.pdf
intra-martマニュアル_20120606,19_IM-Mobile Framework,im-mfw_release_notes_v72（IM-Mobile Framework リリースノート）.pdf,.pdf
intra-martマニュアル_20120606,19_IM-Mobile Framework,im-mfw_setup_guide_v72（IM-Mobile Framework セットアップガイド）.pdf,.pdf
intra-martマニュアル_20120606,19_IM-Mobile Framework,im-spsite_development_guidelines_v72（IM-Mobile Framework 開発ガイドライン）.pdf,.pdf
z:,intra-mart調査資料,sastruts_s2jdbc_prog_guide_v72.pdf,.pdf
z:,intra-mart調査資料,sastruts_s2jdbc_setup_guide_v72.pdf,.pdf
z:,intra-mart調査資料,イントラマートセットアップガイド.pdf,.pdf
z:,intra-mart調査資料,グループ管理者 操作ガイド_iwp_iaf_group_admin_operation_guide_v72.pdf,.pdf
z:,intra-mart調査資料,システム管理者 操作ガイド_iwp_iaf_system_admin_operation_guide_v72.pdf,.pdf
z:,intra-mart調査資料,− intra-mart WebPlatform Ver.7.2 − 環境構築手順.xls,.7.2
z:,intra-mart調査資料,− intra-mart WebPlatform Ver.7.2 − 環境構築結果.xls,.7.2
z:,参考資料,リッチクライアント評価.pdf,.pdf
z:,参考資料,楽々FW開発ポイント.xls,.xls
各種インストーラ,eBuilder72,release_notes_v72.pdf,.pdf
各種インストーラ,eBuilder72,setup_guide_v72.pdf,.pdf
各種インストーラ,eBuilder72,チュートリアルガイド_導入編.pdf,.pdf
各種インストーラ,iwp72_installer,license_iAF_for_Dev.pdf,.pdf
